Month,Forecast
2026-01,481543.81314475974
2026-02,170534.74931173597
2026-03,618253.9906605319
2026-04,152039.14030608896
2026-05,672899.8929420337
2026-06,334315.62476974836
